Customer_ID,Customer_Name,Invoice_Number,Invoice_Date,Due_Date,Terms,Original_Amount,Open_Balance,Days_Past_Due,Aging_Bucket,Status,PO_Number,Sales_Rep
C0071,Genco LLC,INV-10001,2026-04-17,2026-06-01,Net 45,66919.79,66919.79,16,Current,Open,PO-52951,B. Cohen
C0016,Stark Ind Inc,INV-10002,2025-08-03,2025-10-02,Net 60,65720.46,65720.46,258,120+,Open,PO-83464,C. Diaz
C0093,Nakatomi Co,INV-10003,2025-10-22,2025-12-06,Net 45,79183.38,79183.38,193,120+,Open,PO-67301,B. Cohen
C0039,Gekko Holdings Corp,INV-10004,2026-05-03,2026-06-17,Net 45,5652.71,5652.71,0,Current,Open,PO-36551,D. Park
C0014,Virtucon Corp,INV-10005,2026-04-18,2026-06-17,Net 60,17922.37,13598.5,0,Current,Partial,PO-82616,A. Reyes
C0106,Aperture Corp,INV-10005,2026-04-10,2026-05-10,Net 30,5566.06,5566.06,38,31-60,Disputed,PO-93772,C. Diaz
C0011,Oscorp LLC,INV-10007,2026-04-04,2026-05-19,Net 45,75225.01,75225.01,29,Current,Open,PO-88494,D. Park
C0058,Monsters Inc Corp,INV-10008,2026-05-04,2026-06-03,Net 30,59187.08,59187.08,14,Current,Open,PO-33006,B. Cohen
C0081,Initech LLC,INV-10009,2026-05-12,2026-06-11,Net 30,52663.27,52663.27,6,Current,Disputed,PO-73545,D. Park
C0089,Stark Ind Partners,INV-10010,2026-04-14,2026-05-29,Net 45,27216.89,27216.89,19,Current,Open,PO-29329,B. Cohen
C0119,Wernham Hogg Co,INV-10011,2026-02-26,2026-03-28,Net 30,88731.67,88731.67,81,61-90,Open,PO-91376,B. Cohen
C0083,Strickland Inc,INV-10012,2026-05-14,2026-06-13,Net 30,16179.7,16179.7,4,Current,Open,PO-94607,C. Diaz
C0057,Aperture Group,INV-10013,2026-04-30,2026-06-14,Net 45,26227.27,26227.27,3,Current,Open,PO-77377,A. Reyes
C0077,Prestige Worldwide Corp,INV-10014,2026-03-25,2026-04-24,Net 30,2944.23,2944.23,54,31-60,Open,PO-95392,E. Nguyen
C0003,Umbrella LLC,INV-10015,2026-04-24,2026-05-24,Net 30,71967.4,71967.4,24,Current,Open,PO-77963,C. Diaz
C0024,Genco Inc,INV-10016,2025-08-15,2025-10-14,Net 60,44915.98,44915.98,246,120+,Open,PO-62081,A. Reyes
C0110,Bishop Co Co,INV-10017,2026-04-13,2026-06-12,Net 60,89820.79,89820.79,5,Current,Open,PO-92102,A. Reyes
C0059,Aperture Inc,INV-10018,2025-11-19,2026-01-18,Net 60,38694.54,38694.54,150,120+,Open,PO-20150,E. Nguyen
C0060,Soylent LLC,INV-10019,2026-03-22,2026-05-21,Net 60,47607.6,47607.6,27,Current,Open,PO-26764,B. Cohen
C0035,Pied Piper Co,INV-10020,2026-01-28,2026-03-14,Net 45,46305.26,25051.87,95,91-120,Partial,PO-51365,B. Cohen
C0040,Hooli LLC,INV-10021,2026-04-01,2026-05-31,Net 60,80012.84,-1875.0,17,Current,Credit,PO-40181,D. Park
C0120,Strickland Partners,INV-10022,2026-04-26,2026-05-26,Net 30,46096.21,46096.21,22,Current,Open,PO-79871,E. Nguyen
C0019,Strickland Corp,INV-10023,2026-02-22,2026-03-24,Net 30,13400.04,8587.72,85,61-90,Partial,PO-74387,C. Diaz
C0120,Strickland Partners,INV-10024,2026-04-23,2026-05-23,Net 30,28713.53,28713.53,25,Current,Open,PO-84178,B. Cohen
C0058,Monsters Inc Corp,INV-10025,2026-03-12,2026-04-11,Net 30,36146.35,36146.35,67,61-90,Open,PO-44727,B. Cohen
C0074,Prestige Worldwide Group,INV-10026,2026-04-21,2026-06-05,Net 45,70874.64,70874.64,12,Current,Open,PO-69968,D. Park
C0085,Pied Piper LLC,INV-10027,2025-08-29,2025-10-13,Net 45,12430.27,12430.27,247,120+,Open,PO-63515,A. Reyes
C0112,Cogswell Partners,INV-10028,2026-05-04,2026-06-03,Net 30,14122.69,14122.69,14,Current,Open,PO-40232,A. Reyes
C0061,Tyrell Co,INV-10029,2026-04-23,2026-05-23,Net 30,8089.8,8089.8,25,Current,Open,PO-89942,D. Park
C0041,Pied Piper Inc,INV-10030,2026-01-13,2026-02-27,Net 45,3892.46,2108.98,110,91-120,Partial,PO-57667,B. Cohen
C0096,Oscorp Corp,INV-10031,2026-03-05,2026-04-19,Net 45,9997.93,9997.93,59,31-60,Open,PO-59251,A. Reyes
C0006,Sterling Cooper Corp,INV-10032,2026-05-08,2026-06-07,Net 30,14256.35,14256.35,10,Current,Open,PO-94177,B. Cohen
C0022,Soylent Partners,INV-10033,2026-03-21,2026-05-20,Net 60,23258.42,23258.42,28,Current,Open,PO-38758,B. Cohen
C0060,Soylent LLC,INV-10034,2026-03-29,,Net 60,76537.83,76537.83,20,Current,Open,PO-91643,B. Cohen
C0010,Stark Ind LLC,INV-10035,2025-07-08,,Net 60,65734.63,65734.63,284,120+,Open,PO-59599,B. Cohen
C0050,Strickland Inc,INV-10036,2026-04-03,,Net 60,28459.94,28459.94,15,Current,Open,PO-22875,D. Park
C0036,Monsters Inc Corp,INV-10037,2025-12-21,2026-02-04,Net 45,70918.77,70918.77,133,120+,Open,PO-57512,B. Cohen
C0078,Spacely Co,INV-10038,2026-03-12,2026-05-11,Net 60,64548.74,64548.74,37,31-60,Open,PO-37927,A. Reyes
C0116,Wernham Hogg Inc,INV-10039,2026-04-13,2026-05-28,Net 45,34979.39,34979.39,20,Current,Disputed,PO-58680,C. Diaz
C0096,Oscorp Corp,INV-10040,2026-02-02,2026-03-19,Net 45,35073.54,35073.54,90,61-90,Open,PO-55720,B. Cohen
C0033,Oscorp LLC,INV-10041,2026-01-29,2026-02-28,Net 30,44757.32,28103.39,109,91-120,Partial,PO-49571,D. Park
C0109,Prestige Worldwide Partners,INV-10042,2026-03-24,2026-05-23,Net 60,51206.08,51206.08,25,Current,Open,PO-54362,E. Nguyen
C0049,Nakatomi Partners,INV-10043,2026-03-12,2026-05-11,Net 60,59047.18,59047.18,37,31-60,Open,PO-62992,E. Nguyen
C0029,Aperture Group,INV-10044,2025-08-22,2025-10-21,Net 60,29056.97,29056.97,239,120+,Open,PO-38320,A. Reyes
C0005,Spacely Group,INV-10045,2026-02-03,2026-03-20,Net 45,13320.25,13320.25,89,61-90,Open,PO-90804,D. Park
C0076,Gekko Holdings Group,INV-10046,2026-02-17,2026-04-18,Net 60,79284.0,79284.0,60,31-60,Open,PO-56666,A. Reyes
C0089,Stark Ind Partners,INV-10047,2026-01-23,2026-03-09,Net 45,9889.01,9889.01,100,91-120,Open,PO-91364,C. Diaz
C0008,Umbrella Partners,INV-10048,2026-04-21,2026-06-05,Net 45,20544.0,20544.0,12,Current,Open,PO-22799,A. Reyes
C0101,Dunder Mifflin Corp,INV-10049,2026-04-23,2026-06-07,Net 45,78917.79,78917.79,10,Current,Open,PO-96858,B. Cohen
C0105,Rich Industries Partners,INV-10050,2026-05-11,2026-06-10,Net 30,81619.38,81619.38,7,Current,Disputed,PO-37038,E. Nguyen
C0033,Oscorp LLC,INV-10051,2026-04-23,2026-05-23,Net 30,34353.9,39353.9,25,Current,Open,PO-97182,C. Diaz
C0003,Umbrella LLC,INV-10052,2026-04-14,2026-05-14,Net 30,70965.37,70965.37,34,31-60,Open,PO-67453,E. Nguyen
C0076,Gekko Holdings Group,INV-10053,2026-04-15,2026-06-14,Net 60,74514.95,74514.95,3,Current,Open,PO-88347,C. Diaz
C0059,Aperture Inc,INV-10054,2026-03-29,2026-05-28,Net 60,10702.39,10702.39,20,Current,Open,PO-78138,A. Reyes
C0116,Wernham Hogg Inc,INV-10055,2026-05-01,2026-06-15,Net 45,59498.0,59498.0,2,Current,Open,PO-62622,D. Park
C0077,Prestige Worldwide Corp,INV-10056,2026-05-02,2026-06-01,Net 30,75447.58,42122.31,16,Current,Partial,PO-92264,B. Cohen
C0056,Massive Dynamic Corp,INV-10057,2026-01-09,2026-03-10,Net 60,38180.0,38180.0,99,91-120,Open,PO-60966,D. Park
C0041,Pied Piper Inc,INV-10058,2025-07-11,2025-08-25,Net 45,6844.1,6844.1,296,120+,Open,PO-32219,D. Park
C0013,Cyberdyne Group,INV-10059,2026-02-28,2026-04-29,Net 60,55920.95,55920.95,49,31-60,Open,PO-63207,A. Reyes
C0053,Stark Ind Inc,INV-10060,2026-01-13,2026-02-27,Net 45,68640.23,68640.23,110,91-120,Open,PO-98696,C. Diaz
C0046,Genco LLC,INV-10061,2026-03-07,2026-04-06,Net 30,0,4200.0,72,61-90,Partial,PO-68176,A. Reyes
C0098,Wayne Logistics Group,INV-10062,2025-12-28,2026-02-26,Net 60,92594.65,92594.65,111,91-120,Open,PO-92972,A. Reyes
C0078,Spacely Co,INV-10063,2026-03-28,2026-05-27,Net 60,66905.03,66905.03,21,Current,Open,PO-64541,C. Diaz
C0001,Soylent LLC,INV-10064,2026-04-13,2026-06-12,Net 60,13907.15,13907.15,5,Current,Open,PO-24018,A. Reyes
C0096,Oscorp Corp,INV-10065,2026-04-17,2026-06-01,Net 45,35470.02,35470.02,16,Current,Open,PO-94395,E. Nguyen
C0011,Oscorp LLC,INV-10066,2026-05-02,2026-06-16,Net 45,8209.45,8209.45,1,Current,Open,PO-75576,D. Park
C0078,Spacely Co,INV-10067,2026-04-04,2026-06-03,Net 60,41126.84,41126.84,14,Current,Open,PO-97743,D. Park
C0068,Massive Dynamic LLC,INV-10068,2025-09-23,2025-11-07,Net 45,5676.9,5676.9,222,120+,Open,PO-47686,B. Cohen
C0098,Wayne Logistics Group,INV-10069,2026-03-14,2026-05-13,Net 60,41196.9,19478.21,35,31-60,Partial,PO-50161,E. Nguyen
C0072,Umbrella Partners,INV-10070,2026-02-04,2026-03-21,Net 45,4497.56,3349.84,88,61-90,Partial,PO-61033,E. Nguyen
C0055,Hooli Inc,INV-10071,2026-04-15,2026-05-30,Net 45,38775.55,38775.55,18,Current,Open,PO-42527,E. Nguyen
C0059,Aperture Inc,INV-10072,2026-01-20,2026-03-21,Net 60,23493.41,23493.41,88,61-90,Open,PO-88676,A. Reyes
C0051,Stark Ind LLC,INV-10073,2026-02-26,2026-04-12,Net 45,7717.85,7717.85,66,61-90,Open,PO-89547,E. Nguyen
C0025,Tyrell Corp,INV-10074,2026-01-29,2026-02-28,Net 30,22827.41,22827.41,109,91-120,Disputed,PO-45856,B. Cohen
C0078,Spacely Co,INV-10075,2026-04-14,2026-06-13,Net 60,73534.14,73534.14,4,Current,Open,PO-93889,E. Nguyen
C0058,Monsters Inc Corp,INV-10076,2026-03-24,2026-04-23,Net 30,59517.31,59517.31,55,31-60,Open,PO-61436,B. Cohen
C0057,Aperture Group,INV-10077,2026-02-22,2026-04-08,Net 45,56389.17,56389.17,70,61-90,Open,PO-29724,C. Diaz
C0060,Soylent LLC,INV-10078,2026-04-04,2026-06-03,Net 60,82171.63,82171.63,14,Current,Open,PO-97867,E. Nguyen
C0050,Strickland Inc,INV-10079,2026-04-04,2026-06-03,Net 60,77027.6,77027.6,14,Current,Open,PO-62143,E. Nguyen
C0061,Tyrell Co,INV-10080,2026-02-07,2026-03-09,Net 30,79632.14,79632.14,100,91-120,Open,PO-31053,E. Nguyen
C0083,Strickland Inc,INV-10081,2025-09-27,2025-10-27,Net 30,50024.48,50024.48,233,120+,Open,PO-67696,C. Diaz
C0118,Pied Piper Partners,INV-10082,2026-02-23,2026-04-09,Net 45,5448.54,5448.54,69,61-90,Open,PO-63863,A. Reyes
C0043,Aperture Co,INV-10083,2026-04-30,2026-06-14,Net 45,80973.01,80973.01,3,Current,Open,PO-98997,B. Cohen
C0043,Aperture Co,INV-10084,2026-05-01,2026-06-15,Net 45,62497.17,62497.17,2,Current,Open,PO-36901,E. Nguyen
C0091,Virtucon Partners,INV-10085,2026-03-06,2026-04-05,Net 30,77345.96,77345.96,73,61-90,Open,PO-88995,A. Reyes
C0083,Strickland Inc,INV-10086,2026-04-27,2026-05-27,Net 30,17534.85,17534.85,21,Current,Open,PO-83736,B. Cohen
C0029,Aperture Group,INV-10087,2026-03-19,2026-05-18,Net 60,51508.34,51508.34,30,Current,Open,PO-89013,A. Reyes
C0085,Pied Piper LLC,INV-10088,2026-03-10,2026-04-24,Net 45,15076.89,15076.89,54,31-60,Open,PO-41697,D. Park
C0006,Sterling Cooper Corp,INV-10089,2025-11-18,2025-12-18,Net 30,58201.27,58201.27,181,120+,Open,PO-78841,B. Cohen
C0069,Initech LLC,INV-10090,2025-09-04,2025-10-19,Net 45,18834.53,18834.53,241,120+,Open,PO-94766,D. Park
C0060,Soylent LLC,INV-10091,2026-03-14,2026-05-13,Net 60,91812.34,91812.34,35,31-60,Open,PO-99254,B. Cohen
C0112,Cogswell Partners,INV-10092,2026-04-21,2026-05-21,Net 30,10194.73,10194.73,27,Current,Open,PO-36341,C. Diaz
C0011,Oscorp LLC,INV-10093,2026-04-09,2026-05-24,Net 45,41841.16,41841.16,24,Current,Open,PO-49102,D. Park
C0114,Pied Piper LLC,INV-10094,2026-04-22,2026-06-06,Net 45,35839.36,35839.36,11,Current,Open,PO-30696,C. Diaz
C0029,Aperture Group,INV-10095,2026-04-18,2026-06-17,Net 60,14301.66,10614.37,0,Current,Partial,PO-81925,B. Cohen
C0098,Wayne Logistics Group,INV-10096,2025-12-17,2026-02-15,Net 60,2295.87,2295.87,122,120+,Open,PO-39597,E. Nguyen
C0094,Rich Industries LLC,INV-10097,2026-04-14,2026-05-29,Net 45,12014.67,12014.67,19,Current,Open,PO-79914,A. Reyes
C0015,Wonka Inc,INV-10098,2026-04-03,2026-05-03,Net 30,23363.15,23363.15,45,31-60,Disputed,PO-76261,A. Reyes
C0079,Acme Freight Corp,INV-10099,2026-02-03,2026-04-04,Net 60,8590.52,8590.52,74,61-90,Open,PO-28870,E. Nguyen
C0070,Hooli Group,INV-10100,2026-04-17,2026-06-01,Net 45,44927.76,44927.76,16,Current,Open,PO-68929,C. Diaz
C0096,Oscorp Corp,INV-10101,2026-05-03,2026-06-17,Net 45,62596.37,31757.16,0,Current,Partial,PO-63583,B. Cohen
C0006,Sterling Cooper Corp,INV-10102,2026-05-07,2026-06-06,Net 30,74128.98,74128.98,11,Current,Open,PO-82722,B. Cohen
C0104,Vandelay LLC,INV-10103,2026-04-14,2026-06-13,Net 60,19550.35,19550.35,4,Current,Open,PO-25492,C. Diaz
C0120,Strickland Partners,INV-10104,2026-04-06,2026-05-06,Net 30,3960.66,3960.66,42,31-60,Open,PO-57501,C. Diaz
C0111,Globex Co,INV-10105,2026-04-09,2026-05-24,Net 45,76037.86,76037.86,24,Current,Open,PO-72431,D. Park
C0115,Virtucon Corp,INV-10106,2026-04-12,2026-05-12,Net 30,87847.34,87847.34,36,31-60,Open,PO-30828,D. Park
C0011,Oscorp LLC,INV-10107,2026-04-20,2026-06-04,Net 45,10195.5,10195.5,13,Current,Open,PO-58750,C. Diaz
C0058,Monsters Inc Corp,INV-10108,2026-04-29,2026-05-29,Net 30,42753.75,42753.75,19,Current,Open,PO-66210,E. Nguyen
C0056,Massive Dynamic Corp,INV-10109,2026-01-27,2026-03-28,Net 60,38886.87,38886.87,81,61-90,Open,PO-40969,A. Reyes
C0019,Strickland Corp,INV-10110,2026-04-29,2026-05-29,Net 30,22801.56,22801.56,19,Current,Open,PO-67467,D. Park
C0073,Monsters Inc LLC,INV-10111,2025-08-25,2025-10-24,Net 60,35655.26,35655.26,236,120+,Open,PO-95225,B. Cohen
C0068,Massive Dynamic LLC,INV-10112,2026-04-22,2026-06-06,Net 45,11220.89,11220.89,11,Current,Open,PO-85410,E. Nguyen
C0050,Strickland Inc,INV-10113,2026-02-13,2026-04-14,Net 60,20776.91,20776.91,64,61-90,Open,PO-84382,B. Cohen
C0016,Stark Ind Inc,INV-10114,2026-01-08,2026-03-09,Net 60,42563.01,24573.77,100,91-120,Partial,PO-61889,C. Diaz
C0091,Virtucon Partners,INV-10115,2026-02-12,2026-03-14,Net 30,67765.96,67765.96,95,91-120,Open,PO-42818,C. Diaz
C0066,Rich Industries Inc,INV-10116,2026-05-11,2026-06-10,Net 30,47185.07,47185.07,7,Current,Open,PO-95009,C. Diaz
C0060,Soylent LLC,INV-10117,2026-03-24,2026-05-23,Net 60,38126.12,38126.12,25,Current,Open,PO-82739,E. Nguyen
C0053,Stark Ind Inc,INV-10118,2026-04-09,2026-05-24,Net 45,30459.11,12978.12,24,Current,Partial,PO-87811,C. Diaz
C0017,Strickland Partners,INV-10119,2026-02-16,2026-04-02,Net 45,12693.61,12693.61,76,61-90,Open,PO-27263,A. Reyes
C0067,Oscorp Inc,INV-10120,2025-10-27,2025-11-26,Net 30,21806.94,21806.94,203,120+,Open,PO-88012,C. Diaz
C0109,Prestige Worldwide Partners,INV-10121,2026-04-16,2026-06-15,Net 60,59564.61,59564.61,2,Current,Open,PO-32245,E. Nguyen
C0083,Strickland Inc,INV-10122,2026-03-05,2026-04-04,Net 30,68599.8,68599.8,74,61-90,Open,PO-93874,A. Reyes
C0106,Aperture Corp,INV-10123,2026-05-18,2026-06-17,Net 30,20421.39,20421.39,0,Current,Open,PO-23969,D. Park
C0114,Pied Piper LLC,INV-10124,2026-03-21,2026-05-05,Net 45,76543.03,76543.03,43,31-60,Open,PO-58985,D. Park
C0010,Stark Ind LLC,INV-10125,2026-03-22,2026-05-21,Net 60,19780.17,19780.17,27,Current,Open,PO-60970,C. Diaz
C0094,Rich Industries LLC,INV-10126,2026-03-26,2026-05-10,Net 45,10534.38,10534.38,38,31-60,Open,PO-36059,C. Diaz
C0058,Monsters Inc Corp,INV-10127,2025-11-04,2025-12-04,Net 30,82163.48,82163.48,195,120+,Open,PO-40932,C. Diaz
C0120,Strickland Partners,INV-10128,2026-03-30,2026-04-29,Net 30,49141.5,49141.5,49,31-60,Open,PO-60441,D. Park
C0003,Umbrella LLC,INV-10129,2026-05-16,2026-06-15,Net 30,33848.59,15110.89,2,Current,Partial,PO-81680,C. Diaz
C0069,Initech LLC,INV-10130,2026-01-24,2026-03-10,Net 45,69249.51,69249.51,99,91-120,Open,PO-67964,A. Reyes
C0052,Bishop Co Inc,INV-10131,2026-03-05,2026-05-04,Net 60,7448.75,7448.75,44,31-60,Open,PO-92070,C. Diaz
C0106,Aperture Corp,INV-10132,2025-12-16,2026-01-15,Net 30,37723.9,37723.9,153,120+,Open,PO-64444,E. Nguyen
C0047,Strickland LLC,INV-10133,2026-03-25,2026-05-24,Net 60,4304.09,2580.36,24,Current,Partial,PO-82094,E. Nguyen
C0059,Aperture Inc,INV-10134,2026-04-14,2026-06-13,Net 60,58434.94,58434.94,4,Current,Open,PO-59221,E. Nguyen
C0044,Vandelay Corp,INV-10135,2026-03-07,2026-04-06,Net 30,28830.21,28830.21,72,61-90,Open,PO-68281,C. Diaz
C0087,Cyberdyne Partners,INV-10136,2026-03-25,2026-05-09,Net 45,56907.96,56907.96,39,31-60,Open,PO-95821,E. Nguyen
C0030,Prestige Worldwide Co,INV-10137,2026-03-22,2026-05-21,Net 60,68651.78,68651.78,27,Current,Open,PO-69832,B. Cohen
C0106,Aperture Corp,INV-10138,2026-04-27,2026-05-27,Net 30,2289.58,2289.58,21,Current,Open,PO-39848,D. Park
C0089,Stark Ind Partners,INV-10139,2025-07-30,2025-09-13,Net 45,82981.27,82981.27,277,120+,Open,PO-28163,B. Cohen
C0067,Oscorp Inc,INV-10140,2026-04-05,2026-05-05,Net 30,30149.62,30149.62,43,31-60,Open,PO-89878,C. Diaz
C0070,Hooli Group,INV-10141,2026-03-17,2026-05-01,Net 45,66018.11,66018.11,47,31-60,Open,PO-45200,B. Cohen
C0036,Monsters Inc Corp,INV-10142,2026-03-01,2026-04-15,Net 45,65727.67,65727.67,63,61-90,Open,PO-82888,C. Diaz
C0072,Umbrella Partners,INV-10143,2026-03-15,2026-04-29,Net 45,51831.54,51831.54,49,31-60,Open,PO-71712,C. Diaz
C0099,Acme Freight Partners,INV-10144,2025-10-21,2025-12-05,Net 45,7968.28,7968.28,194,120+,Open,PO-53612,D. Park
C0028,Stark Ind Group,INV-10145,2026-03-06,2026-04-05,Net 30,13472.29,13472.29,73,61-90,Open,PO-96917,B. Cohen
C0032,Oscorp Group,INV-10146,2026-04-01,2026-05-01,Net 30,5460.41,5460.41,47,31-60,Open,PO-81918,A. Reyes
C0088,Massive Dynamic Group,INV-10147,2026-04-09,2026-05-24,Net 45,88860.53,88860.53,24,Current,Open,PO-82580,B. Cohen
C0097,Sterling Cooper Partners,INV-10148,2025-12-03,2026-02-01,Net 60,8954.04,8954.04,136,120+,Open,PO-90143,A. Reyes
C0117,Massive Dynamic Group,INV-10149,2025-12-03,2026-01-02,Net 30,3934.12,3934.12,166,120+,Open,PO-84930,B. Cohen
C0120,Strickland Partners,INV-10150,2026-04-25,2026-05-25,Net 30,54172.4,42693.04,23,Current,Partial,PO-57298,D. Park
C0083,Strickland Inc,INV-10151,2026-01-24,2026-02-23,Net 30,44727.96,44727.96,114,91-120,Open,PO-34764,C. Diaz
C0021,Virtucon Co,INV-10152,2026-03-26,2026-05-25,Net 60,32357.1,32357.1,23,Current,Open,PO-45318,B. Cohen
C0079,Acme Freight Corp,INV-10153,2026-02-23,2026-04-24,Net 60,8696.72,8696.72,54,31-60,Open,PO-44219,B. Cohen
C0062,Umbrella Corp,INV-10154,2026-05-08,2026-06-07,Net 30,42716.51,42716.51,10,Current,Open,PO-63204,C. Diaz
C0075,Bluth Co Group,INV-10155,2026-04-25,2026-05-25,Net 30,22830.59,22830.59,23,Current,Open,PO-81000,C. Diaz
C0021,Virtucon Co,INV-10156,2026-02-05,2026-04-06,Net 60,60858.22,60858.22,72,61-90,Open,PO-68174,E. Nguyen
C0029,Aperture Group,INV-10157,2026-02-06,2026-04-07,Net 60,57742.33,57742.33,71,61-90,Open,PO-91989,D. Park
C0097,Sterling Cooper Partners,INV-10158,2026-01-31,2026-04-01,Net 60,64792.31,64792.31,77,61-90,Open,PO-30730,E. Nguyen
C0058,Monsters Inc Corp,INV-10159,2026-05-02,2026-06-01,Net 30,78819.15,78819.15,16,Current,Open,PO-46497,E. Nguyen
C0069,Initech LLC,INV-10160,2026-04-29,2026-06-13,Net 45,64787.9,64787.9,4,Current,Open,PO-84071,A. Reyes
C0116,Wernham Hogg Inc,INV-10161,2026-04-17,2026-06-01,Net 45,39757.62,39757.62,16,Current,Open,PO-93242,D. Park
C0087,Cyberdyne Partners,INV-10162,2026-04-08,2026-05-23,Net 45,784.96,784.96,25,Current,Open,PO-29572,A. Reyes
C0055,Hooli Inc,INV-10163,2025-12-18,2026-02-01,Net 45,7022.31,7022.31,136,120+,Open,PO-24159,C. Diaz
C0053,Stark Ind Inc,INV-10164,2025-07-22,2025-09-05,Net 45,61535.74,61535.74,285,120+,Open,PO-70132,D. Park
C0112,Cogswell Partners,INV-10165,2026-01-31,2026-03-02,Net 30,13067.54,13067.54,107,91-120,Open,PO-35549,B. Cohen
C0069,Initech LLC,INV-10166,2026-01-14,2026-02-28,Net 45,71958.95,71958.95,109,91-120,Open,PO-80686,E. Nguyen
C0055,Hooli Inc,INV-10167,2026-03-26,2026-05-10,Net 45,15158.97,15158.97,38,31-60,Open,PO-34790,A. Reyes
C0104,Vandelay LLC,INV-10168,2026-03-28,2026-05-27,Net 60,6858.99,6858.99,21,Current,Open,PO-78515,E. Nguyen
C0087,Cyberdyne Partners,INV-10169,2026-04-11,2026-05-26,Net 45,22645.06,22645.06,22,Current,Open,PO-27398,B. Cohen
C0065,Pied Piper Corp,INV-10170,2026-05-09,2026-06-08,Net 30,57003.22,57003.22,9,Current,Open,PO-62030,B. Cohen
C0039,Gekko Holdings Corp,INV-10171,2026-04-29,2026-06-13,Net 45,6260.5,6260.5,4,Current,Open,PO-42955,D. Park
C0072,Umbrella Partners,INV-10172,2026-04-18,2026-06-02,Net 45,50061.76,50061.76,15,Current,Open,PO-73511,B. Cohen
C0039,Gekko Holdings Corp,INV-10173,2026-04-21,2026-06-05,Net 45,21795.06,21795.06,12,Current,Open,PO-38920,D. Park
C0118,Pied Piper Partners,INV-10174,2026-03-21,2026-05-05,Net 45,37205.6,37205.6,43,31-60,Open,PO-63288,A. Reyes
C0119,Wernham Hogg Co,INV-10175,2026-03-12,2026-04-11,Net 30,18500.51,18500.51,67,61-90,Open,PO-99294,E. Nguyen
C0006,Sterling Cooper Corp,INV-10176,2026-02-26,2026-03-28,Net 30,53311.37,53311.37,81,61-90,Open,PO-63642,C. Diaz
C0117,Massive Dynamic Group,INV-10177,2026-02-22,2026-03-24,Net 30,71784.26,71784.26,85,61-90,Open,PO-99220,B. Cohen
C0051,Stark Ind LLC,INV-10178,2026-04-26,2026-06-10,Net 45,50929.94,50929.94,7,Current,Open,PO-54283,C. Diaz
C0066,Rich Industries Inc,INV-10179,2026-03-20,2026-04-19,Net 30,30762.05,30762.05,59,31-60,Open,PO-61015,D. Park
C0006,Sterling Cooper Corp,INV-10180,2026-04-30,2026-05-30,Net 30,52787.94,52787.94,18,Current,Open,PO-74732,C. Diaz
C0020,Wonka LLC,INV-10181,2026-02-09,2026-03-11,Net 30,47683.99,47683.99,98,91-120,Open,PO-64245,C. Diaz
C0098,Wayne Logistics Group,INV-10182,2026-02-28,2026-04-29,Net 60,69746.98,69746.98,49,31-60,Open,PO-38344,E. Nguyen
C0063,Gringotts Group,INV-10183,2025-07-07,2025-09-05,Net 60,50012.75,50012.75,285,120+,Open,PO-29742,A. Reyes
C0098,Wayne Logistics Group,INV-10184,2026-04-18,2026-06-17,Net 60,67327.52,30567.57,0,Current,Partial,PO-68916,A. Reyes
C0080,Pied Piper Partners,INV-10185,2026-02-07,2026-03-24,Net 45,1986.65,1986.65,85,61-90,Open,PO-73914,A. Reyes
C0003,Umbrella LLC,INV-10186,2026-05-02,2026-06-01,Net 30,77343.36,77343.36,16,Current,Open,PO-43496,A. Reyes
C0118,Pied Piper Partners,INV-10187,2026-03-22,2026-05-06,Net 45,24353.52,24353.52,42,31-60,Open,PO-72022,A. Reyes
C0048,Gringotts Partners,INV-10188,2026-04-06,2026-06-05,Net 60,65141.93,65141.93,12,Current,Open,PO-24152,A. Reyes
C0052,Bishop Co Inc,INV-10189,2026-03-11,2026-05-10,Net 60,66918.87,46289.85,38,31-60,Partial,PO-63420,E. Nguyen
C0110,Bishop Co Co,INV-10190,2026-04-15,2026-06-14,Net 60,85670.29,85670.29,3,Current,Open,PO-94289,D. Park
C0035,Pied Piper Co,INV-10191,2026-01-16,2026-03-02,Net 45,53751.68,40321.09,107,91-120,Partial,PO-61220,A. Reyes
C0027,Wonka Inc,INV-10192,2025-09-08,2025-11-07,Net 60,28781.67,28781.67,222,120+,Open,PO-94277,D. Park
C0087,Cyberdyne Partners,INV-10193,2026-02-24,2026-04-10,Net 45,65639.85,40816.14,68,61-90,Partial,PO-65332,A. Reyes
C0013,Cyberdyne Group,INV-10194,2026-03-16,2026-05-15,Net 60,58510.26,58510.26,33,31-60,Open,PO-62778,A. Reyes
C0082,Gringotts Partners,INV-10195,2026-04-10,2026-06-09,Net 60,89438.0,89438.0,8,Current,Open,PO-96791,D. Park
C0011,Oscorp LLC,INV-10196,2026-02-27,2026-04-13,Net 45,8252.59,8252.59,65,61-90,Disputed,PO-40221,D. Park
C0041,Pied Piper Inc,INV-10197,2026-04-22,2026-06-06,Net 45,72447.24,11671.83,11,Current,Partial,PO-76489,D. Park
C0072,Umbrella Partners,INV-10198,2026-04-16,2026-05-31,Net 45,52873.77,52873.77,17,Current,Open,PO-62523,D. Park
C0002,Wayne Logistics Partners,INV-10199,2026-03-11,2026-04-10,Net 30,53376.2,53376.2,68,61-90,Open,PO-51816,E. Nguyen
C0067,Oscorp Inc,INV-10200,2026-05-13,2026-06-12,Net 30,25864.44,25864.44,5,Current,Disputed,PO-41916,D. Park
C0036,Monsters Inc Corp,INV-10201,2026-04-20,2026-06-04,Net 45,89729.01,89729.01,13,Current,Open,PO-84985,E. Nguyen
C0079,Acme Freight Corp,INV-10202,2026-04-12,2026-06-11,Net 60,37892.89,37892.89,6,Current,Open,PO-69792,C. Diaz
C0057,Aperture Group,INV-10203,2025-07-20,2025-09-03,Net 45,13363.76,13363.76,287,120+,Open,PO-46326,D. Park
C0041,Pied Piper Inc,INV-10204,2026-03-26,2026-05-10,Net 45,91953.61,91953.61,38,31-60,Open,PO-62714,D. Park
C0036,Monsters Inc Corp,INV-10205,2026-04-08,2026-05-23,Net 45,94741.54,94741.54,25,Current,Open,PO-92102,A. Reyes
C0094,Rich Industries LLC,INV-10206,2026-01-23,2026-03-09,Net 45,7035.49,7035.49,100,91-120,Open,PO-73627,D. Park
C0018,Pied Piper Partners,INV-10207,2026-03-29,2026-05-28,Net 60,40485.59,40485.59,20,Current,Open,PO-78860,E. Nguyen
C0062,Umbrella Corp,INV-10208,2026-04-30,2026-05-30,Net 30,3974.31,3974.31,18,Current,Open,PO-90373,E. Nguyen
C0082,Gringotts Partners,INV-10209,2026-01-28,2026-03-29,Net 60,16218.99,16218.99,80,61-90,Open,PO-93822,D. Park
C0097,Sterling Cooper Partners,INV-10210,2026-04-08,2026-06-07,Net 60,21479.1,21479.1,10,Current,Open,PO-93137,E. Nguyen
C0089,Stark Ind Partners,INV-10211,2026-03-31,2026-05-15,Net 45,64717.99,64717.99,33,31-60,Open,PO-39758,C. Diaz
C0004,Vandelay Partners,INV-10212,2026-04-03,2026-06-02,Net 60,89393.9,89393.9,15,Current,Disputed,PO-60880,C. Diaz
C0059,Aperture Inc,INV-10213,2026-03-17,2026-05-16,Net 60,41906.68,41906.68,32,31-60,Open,PO-61800,A. Reyes
C0039,Gekko Holdings Corp,INV-10214,2026-02-03,2026-03-20,Net 45,61733.16,61733.16,89,61-90,Open,PO-41542,B. Cohen
C0067,Oscorp Inc,INV-10215,2026-05-13,2026-06-12,Net 30,44164.12,44164.12,5,Current,Open,PO-44176,B. Cohen
C0082,Gringotts Partners,INV-10216,2026-01-22,2026-03-23,Net 60,42984.84,42984.84,86,61-90,Open,PO-20583,B. Cohen
C0027,Wonka Inc,INV-10217,2026-02-27,2026-04-28,Net 60,76052.97,76052.97,50,31-60,Open,PO-67945,C. Diaz
C0026,Wernham Hogg LLC,INV-10218,2026-04-19,2026-05-19,Net 30,60895.76,60895.76,29,Current,Open,PO-71451,E. Nguyen
C0015,Wonka Inc,INV-10219,2026-05-07,2026-06-06,Net 30,64154.15,64154.15,11,Current,Open,PO-97354,A. Reyes
C0087,Cyberdyne Partners,INV-10220,2026-04-29,2026-06-13,Net 45,35777.42,35777.42,4,Current,Disputed,PO-70916,D. Park
C0077,Prestige Worldwide Corp,INV-10221,2026-04-04,2026-05-04,Net 30,51282.34,51282.34,44,31-60,Open,PO-42706,E. Nguyen
C0022,Soylent Partners,INV-10222,2026-01-17,2026-03-18,Net 60,59034.24,59034.24,91,91-120,Open,PO-21256,D. Park
C0018,Pied Piper Partners,INV-10223,2026-02-09,2026-04-10,Net 60,39163.2,39163.2,68,61-90,Open,PO-78176,D. Park
C0022,Soylent Partners,INV-10224,2026-04-16,2026-06-15,Net 60,26473.6,26473.6,2,Current,Open,PO-42047,D. Park
C0073,Monsters Inc LLC,INV-10225,2026-02-27,2026-04-28,Net 60,54621.48,54621.48,50,31-60,Open,PO-91186,C. Diaz
C0070,Hooli Group,INV-10226,2026-04-06,2026-05-21,Net 45,94033.81,64041.68,27,Current,Partial,PO-52444,C. Diaz
C0112,Cogswell Partners,INV-10227,2026-05-17,2026-06-16,Net 30,94429.0,94429.0,1,Current,Open,PO-51056,B. Cohen
C0104,Vandelay LLC,INV-10228,2026-03-05,2026-05-04,Net 60,16185.26,16185.26,44,31-60,Disputed,PO-47082,B. Cohen
C0104,Vandelay LLC,INV-10229,2026-03-05,2026-05-04,Net 60,16411.66,16411.66,44,31-60,Open,PO-58356,C. Diaz
C0074,Prestige Worldwide Group,INV-10230,2026-01-09,2026-02-23,Net 45,13313.15,13313.15,114,91-120,Open,PO-73948,A. Reyes
C0036,Monsters Inc Corp,INV-10231,2026-04-13,2026-05-28,Net 45,67726.81,67726.81,20,Current,Open,PO-71472,D. Park
C0019,Strickland Corp,INV-10232,2026-04-30,2026-05-30,Net 30,7636.29,7636.29,18,Current,Open,PO-32202,D. Park
C0066,Rich Industries Inc,INV-10233,2026-04-14,2026-05-14,Net 30,46620.2,46620.2,34,31-60,Open,PO-32208,D. Park
C0082,Gringotts Partners,INV-10234,2026-02-10,2026-04-11,Net 60,38084.15,38084.15,67,61-90,Open,PO-47767,D. Park
C0035,Pied Piper Co,INV-10235,2026-03-12,2026-04-26,Net 45,54000.43,54000.43,52,31-60,Open,PO-65054,A. Reyes
C0006,Sterling Cooper Corp,INV-10236,2026-05-15,2026-06-14,Net 30,88331.41,88331.41,3,Current,Disputed,PO-79836,A. Reyes
C0055,Hooli Inc,INV-10237,2026-04-27,2026-06-11,Net 45,83133.01,83133.01,6,Current,Open,PO-32234,C. Diaz
C0033,Oscorp LLC,INV-10238,2026-05-16,2026-06-15,Net 30,37954.28,37954.28,2,Current,Open,PO-50689,D. Park
C0084,Oscorp Inc,INV-10239,2026-03-01,2026-04-30,Net 60,13040.13,13040.13,48,31-60,Open,PO-78335,A. Reyes
C0002,Wayne Logistics Partners,INV-10240,2026-02-25,2026-03-27,Net 30,45642.67,45642.67,82,61-90,Open,PO-31708,A. Reyes
C0014,Virtucon Corp,INV-10241,2026-04-08,2026-06-07,Net 60,77363.27,77363.27,10,Current,Open,PO-38724,A. Reyes
C0068,Massive Dynamic LLC,INV-10242,2026-04-15,2026-05-30,Net 45,68769.83,68769.83,18,Current,Open,PO-39840,D. Park
C0079,Acme Freight Corp,INV-10243,2026-01-16,2026-03-17,Net 60,13731.24,8389.88,92,91-120,Partial,PO-66076,D. Park
C0041,Pied Piper Inc,INV-10244,2026-04-08,2026-05-23,Net 45,52795.98,52795.98,25,Current,Open,PO-99638,C. Diaz
C0100,Wonka Corp,INV-10245,2026-01-10,2026-02-24,Net 45,19914.62,19914.62,113,91-120,Open,PO-44726,D. Park
C0038,Vandelay Inc,INV-10246,2026-03-22,2026-05-21,Net 60,11154.28,11154.28,27,Current,Open,PO-97847,A. Reyes
C0068,Massive Dynamic LLC,INV-10247,2026-05-03,2026-06-17,Net 45,79782.98,79782.98,0,Current,Open,PO-91612,B. Cohen
C0098,Wayne Logistics Group,INV-10248,2026-04-03,2026-06-02,Net 60,25276.51,3597.56,15,Current,Partial,PO-72163,E. Nguyen
C0037,Hooli LLC,INV-10249,2026-04-13,2026-05-28,Net 45,38515.22,38515.22,20,Current,Open,PO-90471,E. Nguyen
C0020,Wonka LLC,INV-10250,2025-09-09,2025-10-09,Net 30,92572.61,92572.61,251,120+,Disputed,PO-62827,D. Park
C0076,Gekko Holdings Group,INV-10251,2026-02-27,2026-04-28,Net 60,29811.02,29811.02,50,31-60,Open,PO-51278,A. Reyes
C0032,Oscorp Group,INV-10252,2026-03-24,2026-04-23,Net 30,5700.2,5700.2,55,31-60,Open,PO-43022,A. Reyes
C0002,Wayne Logistics Partners,INV-10253,2026-04-18,2026-05-18,Net 30,33263.63,33263.63,30,Current,Open,PO-53980,B. Cohen
C0048,Gringotts Partners,INV-10254,2026-01-28,2026-03-29,Net 60,11656.36,11656.36,80,61-90,Open,PO-63910,D. Park
C0035,Pied Piper Co,INV-10255,2026-04-05,2026-05-20,Net 45,47385.95,47385.95,28,Current,Open,PO-27266,D. Park
C0110,Bishop Co Co,INV-10256,2026-02-10,2026-04-11,Net 60,85008.37,85008.37,67,61-90,Open,PO-35117,B. Cohen
C0095,Bishop Co Partners,INV-10257,2026-04-02,2026-06-01,Net 60,45081.75,45081.75,16,Current,Open,PO-39671,B. Cohen
C0120,Strickland Partners,INV-10258,2026-05-17,2026-06-16,Net 30,30910.29,30910.29,1,Current,Open,PO-61934,C. Diaz
C0106,Aperture Corp,INV-10259,2026-03-12,2026-04-11,Net 30,5477.52,5477.52,67,61-90,Open,PO-87603,A. Reyes
C0052,Bishop Co Inc,INV-10260,2026-02-07,2026-04-08,Net 60,29860.94,12533.3,70,61-90,Partial,PO-68354,B. Cohen
C0038,Vandelay Inc,INV-10261,2026-03-31,2026-05-30,Net 60,35301.86,35301.86,18,Current,Open,PO-45614,E. Nguyen
C0098,Wayne Logistics Group,INV-10262,2026-03-24,2026-05-23,Net 60,51676.02,51676.02,25,Current,Open,PO-21257,C. Diaz
C0001,Soylent LLC,INV-10263,2026-03-25,2026-05-24,Net 60,50567.47,50567.47,24,Current,Open,PO-84491,A. Reyes
C0019,Strickland Corp,INV-10264,2026-02-20,2026-03-22,Net 30,49617.25,49617.25,87,61-90,Open,PO-68823,D. Park
C0096,Oscorp Corp,INV-10265,2026-03-20,2026-05-04,Net 45,37766.2,37766.2,44,31-60,Open,PO-28163,D. Park
C0085,Pied Piper LLC,INV-10266,2025-10-14,2025-11-28,Net 45,37634.03,37634.03,201,120+,Open,PO-62762,C. Diaz
C0058,Monsters Inc Corp,INV-10267,2026-03-21,2026-04-20,Net 30,55754.91,55754.91,58,31-60,Disputed,PO-41544,D. Park
C0060,Soylent LLC,INV-10268,2025-09-18,2025-11-17,Net 60,20121.62,20121.62,212,120+,Open,PO-54735,A. Reyes
C0012,Cyberdyne Corp,INV-10269,2026-03-13,2026-04-27,Net 45,20819.46,20819.46,51,31-60,Open,PO-39441,A. Reyes
C0092,Gringotts Corp,INV-10270,2026-02-09,2026-04-10,Net 60,25085.76,25085.76,68,61-90,Open,PO-24073,D. Park
C0110,Bishop Co Co,INV-10271,2026-04-04,2026-06-03,Net 60,10130.24,10130.24,14,Current,Open,PO-35919,A. Reyes
C0008,Umbrella Partners,INV-10272,2026-04-09,2026-05-24,Net 45,60063.12,60063.12,24,Current,Open,PO-96326,E. Nguyen
C0034,Massive Dynamic Partners,INV-10273,2026-05-01,2026-06-15,Net 45,12670.8,12670.8,2,Current,Open,PO-63456,A. Reyes
C0006,Sterling Cooper Corp,INV-10274,2026-05-04,2026-06-03,Net 30,68958.72,68958.72,14,Current,Open,PO-70165,D. Park
C0023,Bluth Co Co,INV-10275,2026-05-07,2026-06-06,Net 30,83983.55,44798.81,11,Current,Partial,PO-52215,C. Diaz
C0064,Gekko Holdings Co,INV-10276,2026-05-05,2026-06-04,Net 30,36694.94,36694.94,13,Current,Open,PO-88919,B. Cohen
C0081,Initech LLC,INV-10277,2026-02-26,2026-03-28,Net 30,34436.09,34436.09,81,61-90,Open,PO-83527,C. Diaz
C0117,Massive Dynamic Group,INV-10278,2026-04-30,2026-05-30,Net 30,30633.93,30633.93,18,Current,Open,PO-56822,A. Reyes
C0104,Vandelay LLC,INV-10279,2025-07-22,2025-09-20,Net 60,92541.1,51804.98,270,120+,Partial,PO-54934,E. Nguyen
C0105,Rich Industries Partners,INV-10280,2026-03-24,2026-04-23,Net 30,93361.81,93361.81,55,31-60,Open,PO-42768,B. Cohen
C0031,Soylent Inc,INV-10281,2026-04-30,2026-05-30,Net 30,56402.66,56402.66,18,Current,Open,PO-66095,E. Nguyen
C0073,Monsters Inc LLC,INV-10282,2026-03-05,2026-05-04,Net 60,17090.11,2380.95,44,31-60,Partial,PO-98861,B. Cohen
C0003,Umbrella LLC,INV-10283,2026-05-02,2026-06-01,Net 30,12831.26,12831.26,16,Current,Open,PO-62413,A. Reyes
C0003,Umbrella LLC,INV-10284,2026-03-01,2026-03-31,Net 30,80492.44,80492.44,78,61-90,Open,PO-29506,C. Diaz
C0091,Virtucon Partners,INV-10285,2026-04-27,2026-05-27,Net 30,13394.68,13394.68,21,Current,Disputed,PO-77261,D. Park
C0084,Oscorp Inc,INV-10286,2026-01-05,2026-03-06,Net 60,58495.5,58495.5,103,91-120,Open,PO-97194,B. Cohen
C0049,Nakatomi Partners,INV-10287,2026-04-09,2026-06-08,Net 60,669.9,669.9,9,Current,Open,PO-95082,D. Park
C0109,Prestige Worldwide Partners,INV-10288,2026-03-25,2026-05-24,Net 60,76932.25,76932.25,24,Current,Open,PO-94127,A. Reyes
C0120,Strickland Partners,INV-10289,2026-05-03,2026-06-02,Net 30,93334.88,93334.88,15,Current,Open,PO-31629,C. Diaz
C0058,Monsters Inc Corp,INV-10290,2026-05-18,2026-06-17,Net 30,24754.18,2497.62,0,Current,Partial,PO-70585,D. Park
C0094,Rich Industries LLC,INV-10291,2026-01-24,2026-03-10,Net 45,33691.35,33691.35,99,91-120,Open,PO-82847,E. Nguyen
C0084,Oscorp Inc,INV-10292,2026-03-25,2026-05-24,Net 60,80424.55,80424.55,24,Current,Open,PO-61774,C. Diaz
C0014,Virtucon Corp,INV-10293,2026-04-16,2026-06-15,Net 60,7587.73,7587.73,2,Current,Open,PO-32203,C. Diaz
C0077,Prestige Worldwide Corp,INV-10294,2026-04-29,2026-05-29,Net 30,62268.52,62268.52,19,Current,Open,PO-76911,B. Cohen
C0007,Acme Freight Co,INV-10295,2026-03-17,2026-04-16,Net 30,68732.6,68732.6,62,61-90,Open,PO-54768,C. Diaz
C0039,Gekko Holdings Corp,INV-10296,2026-04-04,2026-05-19,Net 45,46894.61,4814.71,29,Current,Partial,PO-31485,C. Diaz
C0106,Aperture Corp,INV-10297,2026-04-27,2026-05-27,Net 30,20057.06,20057.06,21,Current,Open,PO-30739,D. Park
C0109,Prestige Worldwide Partners,INV-10298,2026-03-14,2026-05-13,Net 60,62968.29,30280.71,35,31-60,Partial,PO-44232,C. Diaz
C0114,Pied Piper LLC,INV-10299,2026-04-21,2026-06-05,Net 45,44447.98,44447.98,12,Current,Open,PO-55200,E. Nguyen
C0008,Umbrella Partners,INV-10300,2026-04-29,2026-06-13,Net 45,32988.29,32988.29,4,Current,Open,PO-97296,B. Cohen
C0071,Genco LLC,INV-10301,2026-05-02,2026-06-16,Net 45,51106.11,51106.11,1,Current,Open,PO-82236,E. Nguyen
C0113,Bishop Co Co,INV-10302,2025-09-23,2025-11-07,Net 45,68001.89,68001.89,222,120+,Open,PO-87740,E. Nguyen
C0087,Cyberdyne Partners,INV-10303,2026-04-14,2026-05-29,Net 45,93522.78,93522.78,19,Current,Open,PO-45260,B. Cohen
C0006,Sterling Cooper Corp,INV-10304,2025-11-27,2025-12-27,Net 30,59772.88,59772.88,172,120+,Open,PO-53801,C. Diaz
C0117,Massive Dynamic Group,INV-10305,2026-04-25,2026-05-25,Net 30,38050.05,38050.05,23,Current,Open,PO-56202,E. Nguyen
C0059,Aperture Inc,INV-10306,2026-02-26,2026-04-27,Net 60,40151.62,40151.62,51,31-60,Open,PO-39424,E. Nguyen
C0076,Gekko Holdings Group,INV-10307,2026-02-27,2026-04-28,Net 60,10043.6,10043.6,50,31-60,Open,PO-90206,C. Diaz
C0113,Bishop Co Co,INV-10308,2026-03-30,2026-05-14,Net 45,45202.91,45202.91,34,31-60,Open,PO-72818,B. Cohen
C0080,Pied Piper Partners,INV-10309,2026-04-14,2026-05-29,Net 45,83561.5,83561.5,19,Current,Open,PO-26460,D. Park
C0118,Pied Piper Partners,INV-10310,2026-02-06,2026-03-23,Net 45,29138.69,29138.69,86,61-90,Open,PO-84437,A. Reyes
C0112,Cogswell Partners,INV-10311,2026-03-14,2026-04-13,Net 30,30822.06,30822.06,65,61-90,Open,PO-99295,A. Reyes
C0025,Tyrell Corp,INV-10312,2026-02-22,2026-03-24,Net 30,72272.12,72272.12,85,61-90,Open,PO-27367,E. Nguyen
C0102,Acme Freight Co,INV-10313,2026-05-13,2026-06-12,Net 30,74258.8,74258.8,5,Current,Open,PO-94537,A. Reyes
C0023,Bluth Co Co,INV-10314,2026-05-12,2026-06-11,Net 30,43634.4,43634.4,6,Current,Open,PO-46097,C. Diaz
C0048,Gringotts Partners,INV-10315,2026-02-09,2026-04-10,Net 60,23363.15,23363.15,68,61-90,Open,PO-78471,B. Cohen
C0112,Cogswell Partners,INV-10316,2026-05-03,2026-06-02,Net 30,85029.49,85029.49,15,Current,Open,PO-31847,C. Diaz
C0004,Vandelay Partners,INV-10317,2026-02-16,2026-04-17,Net 60,20753.11,20753.11,61,61-90,Open,PO-49505,B. Cohen
C0035,Pied Piper Co,INV-10318,2026-04-13,2026-05-28,Net 45,86638.21,86638.21,20,Current,Open,PO-98792,A. Reyes
C0029,Aperture Group,INV-10319,2026-04-10,2026-06-09,Net 60,85123.14,85123.14,8,Current,Open,PO-80161,C. Diaz
C0028,Stark Ind Group,INV-10320,2026-05-04,2026-06-03,Net 30,10168.49,10168.49,14,Current,Open,PO-69051,E. Nguyen
C0083,Strickland Inc,INV-10321,2026-04-29,2026-05-29,Net 30,6532.6,6532.6,19,Current,Open,PO-62616,C. Diaz
C0034,Massive Dynamic Partners,INV-10322,2026-04-13,2026-05-28,Net 45,49384.24,49384.24,20,Current,Open,PO-27441,E. Nguyen
C0052,Bishop Co Inc,INV-10323,2026-01-31,2026-04-01,Net 60,94760.83,94760.83,77,61-90,Open,PO-74862,D. Park
C0050,Strickland Inc,INV-10324,2025-12-31,2026-03-01,Net 60,32929.29,32929.29,108,91-120,Open,PO-90075,D. Park
C0117,Massive Dynamic Group,INV-10325,2026-02-12,2026-03-14,Net 30,83328.76,83328.76,95,91-120,Open,PO-32793,D. Park
C0017,Strickland Partners,INV-10326,2026-02-13,2026-03-30,Net 45,17799.96,17799.96,79,61-90,Open,PO-63992,A. Reyes
C0029,Aperture Group,INV-10327,2026-04-07,2026-06-06,Net 60,84306.72,84306.72,11,Current,Open,PO-96751,C. Diaz
C0060,Soylent LLC,INV-10328,2026-03-08,2026-05-07,Net 60,89736.44,64843.39,41,31-60,Partial,PO-85598,A. Reyes
C0112,Cogswell Partners,INV-10329,2026-04-27,2026-05-27,Net 30,81225.66,81225.66,21,Current,Disputed,PO-46253,C. Diaz
C0053,Stark Ind Inc,INV-10330,2026-04-15,2026-05-30,Net 45,68130.67,68130.67,18,Current,Open,PO-83908,C. Diaz
C0081,Initech LLC,INV-10331,2026-04-12,2026-05-12,Net 30,20286.63,20286.63,36,31-60,Open,PO-95534,B. Cohen
C0063,Gringotts Group,INV-10332,2026-02-27,2026-04-28,Net 60,60364.57,60364.57,50,31-60,Open,PO-82573,D. Park
C0001,Soylent LLC,INV-10333,2025-09-14,2025-11-13,Net 60,84794.6,84794.6,216,120+,Open,PO-89603,B. Cohen
C0003,Umbrella LLC,INV-10334,2026-04-27,2026-05-27,Net 30,83375.1,83375.1,21,Current,Open,PO-33462,D. Park
C0065,Pied Piper Corp,INV-10335,2026-04-30,2026-05-30,Net 30,27983.23,27983.23,18,Current,Open,PO-98167,E. Nguyen
C0044,Vandelay Corp,INV-10336,2025-10-22,2025-11-21,Net 30,46821.89,46821.89,208,120+,Open,PO-41611,D. Park
C0003,Umbrella LLC,INV-10337,2026-02-28,2026-03-30,Net 30,56225.97,56225.97,79,61-90,Open,PO-68049,A. Reyes
C0049,Nakatomi Partners,INV-10338,2026-03-29,2026-05-28,Net 60,94497.28,94497.28,20,Current,Open,PO-22587,A. Reyes
C0089,Stark Ind Partners,INV-10339,2026-03-25,2026-05-09,Net 45,45330.45,45330.45,39,31-60,Disputed,PO-21219,C. Diaz
C0054,Bishop Co Partners,INV-10340,2026-04-04,2026-05-19,Net 45,66718.64,66718.64,29,Current,Open,PO-33751,E. Nguyen
C0093,Nakatomi Co,INV-10341,2026-04-04,2026-05-19,Net 45,58050.67,58050.67,29,Current,Open,PO-88569,B. Cohen
C0046,Genco LLC,INV-10342,2026-04-09,2026-05-09,Net 30,86528.7,86528.7,39,31-60,Open,PO-83001,C. Diaz
C0031,Soylent Inc,INV-10343,2026-02-19,2026-03-21,Net 30,63722.57,63722.57,88,61-90,Disputed,PO-31807,E. Nguyen
C0010,Stark Ind LLC,INV-10344,2026-02-28,2026-04-29,Net 60,43662.99,43662.99,49,31-60,Open,PO-54619,D. Park
C0007,Acme Freight Co,INV-10345,2026-01-25,2026-02-24,Net 30,34540.29,34540.29,113,91-120,Open,PO-75836,A. Reyes
C0013,Cyberdyne Group,INV-10346,2026-02-20,2026-04-21,Net 60,16613.41,16613.41,57,31-60,Open,PO-77372,E. Nguyen
C0035,Pied Piper Co,INV-10347,2026-04-10,2026-05-25,Net 45,38373.48,38373.48,23,Current,Open,PO-55629,D. Park
C0089,Stark Ind Partners,INV-10348,2026-04-18,2026-06-02,Net 45,66288.05,50360.81,15,Current,Partial,PO-40892,A. Reyes
C0054,Bishop Co Partners,INV-10349,2026-04-15,2026-05-30,Net 45,58270.04,58270.04,18,Current,Open,PO-23777,B. Cohen
C0062,Umbrella Corp,INV-10350,2026-05-03,2026-06-02,Net 30,25222.42,25222.42,15,Current,Open,PO-88788,E. Nguyen
C0093,Nakatomi Co,INV-10351,2026-03-31,2026-05-15,Net 45,65538.84,65538.84,33,31-60,Open,PO-76734,B. Cohen
C0062,Umbrella Corp,INV-10352,2026-05-07,2026-06-06,Net 30,78598.37,78598.37,11,Current,Open,PO-27152,A. Reyes
C0083,Strickland Inc,INV-10353,2026-02-06,2026-03-08,Net 30,7574.77,7574.77,101,91-120,Open,PO-51574,C. Diaz
C0036,Monsters Inc Corp,INV-10354,2026-05-02,2026-06-16,Net 45,77716.26,31936.11,1,Current,Partial,PO-95108,D. Park
C0012,Cyberdyne Corp,INV-10355,2026-02-26,2026-04-12,Net 45,2179.18,2179.18,66,61-90,Open,PO-24696,E. Nguyen
C0071,Genco LLC,INV-10356,2025-08-01,2025-09-15,Net 45,60747.35,60747.35,275,120+,Open,PO-93706,B. Cohen
C0084,Oscorp Inc,INV-10357,2026-01-11,2026-03-12,Net 60,80288.0,80288.0,97,91-120,Open,PO-98636,D. Park
C0092,Gringotts Corp,INV-10358,2026-03-28,2026-05-27,Net 60,62767.02,21880.41,21,Current,Partial,PO-58270,E. Nguyen
C0067,Oscorp Inc,INV-10359,2026-03-31,2026-04-30,Net 30,78163.75,78163.75,48,31-60,Open,PO-73636,A. Reyes
C0033,Oscorp LLC,INV-10360,2026-04-29,2026-05-29,Net 30,78420.37,78420.37,19,Current,Open,PO-64293,A. Reyes
C0097,Sterling Cooper Partners,INV-10361,2026-03-22,2026-05-21,Net 60,73467.72,73467.72,27,Current,Open,PO-97242,E. Nguyen
C0018,Pied Piper Partners,INV-10362,2026-03-23,2026-05-22,Net 60,41400.58,41400.58,26,Current,Open,PO-86628,B. Cohen
C0089,Stark Ind Partners,INV-10363,2026-04-15,2026-05-30,Net 45,62635.81,62635.81,18,Current,Open,PO-62184,E. Nguyen
C0113,Bishop Co Co,INV-10364,2026-02-17,2026-04-03,Net 45,26354.81,26354.81,75,61-90,Open,PO-58557,D. Park
C0104,Vandelay LLC,INV-10365,2026-01-03,2026-03-04,Net 60,48911.84,48911.84,105,91-120,Open,PO-91802,C. Diaz
C0092,Gringotts Corp,INV-10366,2026-03-26,2026-05-25,Net 60,59483.84,59483.84,23,Current,Open,PO-65258,B. Cohen
C0091,Virtucon Partners,INV-10367,2026-04-17,2026-05-17,Net 30,67628.33,67628.33,31,31-60,Open,PO-93699,D. Park
C0075,Bluth Co Group,INV-10368,2026-03-01,2026-03-31,Net 30,80011.29,80011.29,78,61-90,Open,PO-75363,A. Reyes
C0067,Oscorp Inc,INV-10369,2026-03-11,2026-04-10,Net 30,19390.78,19390.78,68,61-90,Open,PO-41094,C. Diaz
C0088,Massive Dynamic Group,INV-10370,2026-02-10,2026-03-27,Net 45,19778.09,19778.09,82,61-90,Open,PO-67013,D. Park
C0014,Virtucon Corp,INV-10371,2025-12-30,2026-02-28,Net 60,70658.0,70658.0,109,91-120,Open,PO-51142,E. Nguyen
C0101,Dunder Mifflin Corp,INV-10372,2026-02-14,2026-03-31,Net 45,88052.81,88052.81,78,61-90,Open,PO-60980,E. Nguyen
C0007,Acme Freight Co,INV-10373,2026-02-15,2026-03-17,Net 30,81812.03,81812.03,92,91-120,Open,PO-49563,C. Diaz
C0097,Sterling Cooper Partners,INV-10374,2026-01-29,2026-03-30,Net 60,91625.39,91625.39,79,61-90,Open,PO-43255,A. Reyes
C0024,Genco Inc,INV-10375,2026-04-13,2026-06-12,Net 60,26876.11,26876.11,5,Current,Open,PO-41093,E. Nguyen
C0109,Prestige Worldwide Partners,INV-10376,2026-04-10,2026-06-09,Net 60,88255.37,88255.37,8,Current,Open,PO-59472,D. Park
C0102,Acme Freight Co,INV-10377,2026-04-05,2026-05-05,Net 30,90935.34,90935.34,43,31-60,Open,PO-86209,B. Cohen
C0054,Bishop Co Partners,INV-10378,2026-04-16,2026-05-31,Net 45,20661.94,20661.94,17,Current,Open,PO-67290,C. Diaz
C0028,Stark Ind Group,INV-10379,2026-02-06,2026-03-08,Net 30,93217.09,52971.26,101,91-120,Partial,PO-78414,B. Cohen
C0116,Wernham Hogg Inc,INV-10380,2025-11-01,2025-12-16,Net 45,65001.1,65001.1,183,120+,Open,PO-34860,D. Park
C0033,Oscorp LLC,INV-10381,2026-02-21,2026-03-23,Net 30,35933.53,35933.53,86,61-90,Open,PO-78400,D. Park
C0006,Sterling Cooper Corp,INV-10382,2026-03-25,2026-04-24,Net 30,90106.02,90106.02,54,31-60,Open,PO-90513,E. Nguyen
C0001,Soylent LLC,INV-10383,2026-02-15,2026-04-16,Net 60,82237.86,82237.86,62,61-90,Open,PO-33621,B. Cohen
C0069,Initech LLC,INV-10384,2026-03-10,2026-04-24,Net 45,89306.48,89306.48,54,31-60,Open,PO-40152,A. Reyes
C0059,Aperture Inc,INV-10385,2026-03-27,2026-05-26,Net 60,75553.3,75553.3,22,Current,Open,PO-95361,B. Cohen
C0117,Massive Dynamic Group,INV-10386,2026-05-10,2026-06-09,Net 30,30400.2,30400.2,8,Current,Open,PO-35506,E. Nguyen
C0001,Soylent LLC,INV-10387,2026-03-29,2026-05-28,Net 60,80659.74,80659.74,20,Current,Open,PO-85907,A. Reyes
C0038,Vandelay Inc,INV-10388,2026-03-24,2026-05-23,Net 60,88072.29,88072.29,25,Current,Open,PO-24039,D. Park
C0021,Virtucon Co,INV-10389,2026-02-17,2026-04-18,Net 60,80774.67,80774.67,60,31-60,Open,PO-38884,C. Diaz
C0087,Cyberdyne Partners,INV-10390,2025-09-29,2025-11-13,Net 45,1553.69,1553.69,216,120+,Open,PO-38530,A. Reyes
C0006,Sterling Cooper Corp,INV-10391,2026-04-04,2026-05-04,Net 30,8544.49,8544.49,44,31-60,Open,PO-65069,B. Cohen
C0053,Stark Ind Inc,INV-10392,2026-04-13,2026-05-28,Net 45,58795.63,58795.63,20,Current,Open,PO-35023,B. Cohen
C0086,Spacely Group,INV-10393,2026-03-05,2026-05-04,Net 60,52443.31,52443.31,44,31-60,Open,PO-28829,C. Diaz
C0013,Cyberdyne Group,INV-10394,2026-04-12,2026-06-11,Net 60,63937.43,63937.43,6,Current,Open,PO-57373,E. Nguyen
C0009,Acme Freight Group,INV-10395,2026-03-28,2026-05-12,Net 45,29386.33,29386.33,36,31-60,Open,PO-94128,E. Nguyen
C0047,Strickland LLC,INV-10396,2026-03-24,2026-05-23,Net 60,74744.88,74744.88,25,Current,Open,PO-77163,C. Diaz
C0108,Strickland Partners,INV-10397,2026-01-29,2026-02-28,Net 30,44239.17,44239.17,109,91-120,Open,PO-60038,D. Park
C0071,Genco LLC,INV-10398,2026-01-18,2026-03-04,Net 45,81648.44,81648.44,105,91-120,Disputed,PO-90597,B. Cohen
C0034,Massive Dynamic Partners,INV-10399,2026-02-04,2026-03-21,Net 45,80786.0,80786.0,88,61-90,Open,PO-96269,E. Nguyen
C0052,Bishop Co Inc,INV-10400,2026-03-05,2026-05-04,Net 60,51857.85,51857.85,44,31-60,Open,PO-81879,B. Cohen
C0047,Strickland LLC,INV-10401,2026-01-24,2026-03-25,Net 60,27999.42,27999.42,84,61-90,Open,PO-86900,A. Reyes
C0051,Stark Ind LLC,INV-10402,2026-01-16,2026-03-02,Net 45,76718.04,76718.04,107,91-120,Open,PO-41737,E. Nguyen
C0018,Pied Piper Partners,INV-10403,2026-02-16,2026-04-17,Net 60,91951.01,91951.01,61,61-90,Open,PO-83373,C. Diaz
C0006,Sterling Cooper Corp,INV-10404,2026-05-11,2026-06-10,Net 30,22614.76,22614.76,7,Current,Open,PO-87880,C. Diaz
C0050,Strickland Inc,INV-10405,2026-04-03,2026-06-02,Net 60,61785.59,48063.57,15,Current,Partial,PO-55847,C. Diaz
C0075,Bluth Co Group,INV-10406,2026-05-01,2026-05-31,Net 30,56035.65,56035.65,17,Current,Open,PO-30202,E. Nguyen
C0033,Oscorp LLC,INV-10407,2026-05-06,2026-06-05,Net 30,82499.49,82499.49,12,Current,Open,PO-83191,E. Nguyen
C0001,Soylent LLC,INV-10408,2026-04-02,2026-06-01,Net 60,49124.15,49124.15,16,Current,Open,PO-39692,B. Cohen
C0021,Virtucon Co,INV-10409,2026-01-30,2026-03-31,Net 60,39680.99,39680.99,78,61-90,Open,PO-34855,D. Park
C0087,Cyberdyne Partners,INV-10410,2026-03-23,2026-05-07,Net 45,39329.98,39329.98,41,31-60,Open,PO-36762,E. Nguyen
C0076,Gekko Holdings Group,INV-10411,2026-01-06,2026-03-07,Net 60,14378.75,14378.75,102,91-120,Open,PO-43597,E. Nguyen
C0052,Bishop Co Inc,INV-10412,2026-01-22,2026-03-23,Net 60,90015.49,90015.49,86,61-90,Open,PO-99498,D. Park
C0112,Cogswell Partners,INV-10413,2026-04-17,2026-05-17,Net 30,75591.22,75591.22,31,31-60,Open,PO-43839,E. Nguyen
C0085,Pied Piper LLC,INV-10414,2026-04-17,2026-06-01,Net 45,43352.93,43352.93,16,Current,Open,PO-50122,D. Park
C0050,Strickland Inc,INV-10415,2026-01-16,2026-03-17,Net 60,48161.98,48161.98,92,91-120,Open,PO-39603,E. Nguyen
C0013,Cyberdyne Group,INV-10416,2026-04-13,2026-06-12,Net 60,74575.55,74575.55,5,Current,Open,PO-35403,A. Reyes
C0062,Umbrella Corp,INV-10417,2026-02-02,2026-03-04,Net 30,85263.57,85263.57,105,91-120,Open,PO-76557,E. Nguyen
C0054,Bishop Co Partners,INV-10418,2026-04-22,2026-06-06,Net 45,89180.84,89180.84,11,Current,Open,PO-69969,C. Diaz
C0076,Gekko Holdings Group,INV-10419,2026-02-28,2026-04-29,Net 60,40708.75,40708.75,49,31-60,Open,PO-50475,A. Reyes
C0037,Hooli LLC,INV-10420,2026-04-14,2026-05-29,Net 45,67514.57,67514.57,19,Current,Open,PO-95757,E. Nguyen
C0016,Stark Ind Inc,INV-10421,2026-02-09,2026-04-10,Net 60,30352.71,30352.71,68,61-90,Open,PO-40287,D. Park
C0084,Oscorp Inc,INV-10422,2026-03-31,2026-05-30,Net 60,35053.37,35053.37,18,Current,Open,PO-72095,B. Cohen
C0053,Stark Ind Inc,INV-10423,2026-04-16,2026-05-31,Net 45,52939.12,52939.12,17,Current,Open,PO-60193,E. Nguyen
C0045,Wonka LLC,INV-10424,2025-12-30,2026-02-28,Net 60,62802.23,62802.23,109,91-120,Open,PO-78536,B. Cohen
C0013,Cyberdyne Group,INV-10425,2025-12-28,2026-02-26,Net 60,58525.4,58525.4,111,91-120,Open,PO-26822,B. Cohen
C0050,Strickland Inc,INV-10426,2026-03-23,2026-05-22,Net 60,57223.19,16260.79,26,Current,Partial,PO-68606,A. Reyes
C0078,Spacely Co,INV-10427,2026-02-28,2026-04-29,Net 60,49735.02,49735.02,49,31-60,Open,PO-98311,A. Reyes
C0100,Wonka Corp,INV-10428,2026-04-28,2026-06-12,Net 45,62575.56,62575.56,5,Current,Open,PO-57487,B. Cohen
C0005,Spacely Group,INV-10429,2026-04-08,2026-05-23,Net 45,16516.13,4417.73,25,Current,Partial,PO-20037,B. Cohen
C0012,Cyberdyne Corp,INV-10430,2026-04-25,2026-06-09,Net 45,55884.58,55884.58,8,Current,Open,PO-28993,A. Reyes
C0071,Genco LLC,INV-10431,2026-04-24,2026-06-08,Net 45,91530.68,91530.68,9,Current,Open,PO-99477,B. Cohen
C0059,Aperture Inc,INV-10432,2026-04-06,2026-06-05,Net 60,10560.94,3231.4,12,Current,Partial,PO-35336,E. Nguyen
C0033,Oscorp LLC,INV-10433,2026-02-26,2026-03-28,Net 30,91792.24,91792.24,81,61-90,Open,PO-51886,C. Diaz
C0100,Wonka Corp,INV-10434,2026-01-09,2026-02-23,Net 45,46046.18,46046.18,114,91-120,Open,PO-70157,B. Cohen
C0087,Cyberdyne Partners,INV-10435,2025-09-19,2025-11-03,Net 45,49309.65,33655.02,226,120+,Partial,PO-52539,C. Diaz
C0012,Cyberdyne Corp,INV-10436,2026-04-21,2026-06-05,Net 45,88516.94,88516.94,12,Current,Open,PO-66338,B. Cohen
C0115,Virtucon Corp,INV-10437,2025-07-27,2025-08-26,Net 30,18470.83,18470.83,295,120+,Open,PO-50783,B. Cohen
C0112,Cogswell Partners,INV-10438,2026-02-15,2026-03-17,Net 30,34144.59,34144.59,92,91-120,Open,PO-35712,A. Reyes
C0087,Cyberdyne Partners,INV-10439,2025-08-17,2025-10-01,Net 45,80637.0,80637.0,259,120+,Open,PO-61342,D. Park
C0115,Virtucon Corp,INV-10440,2025-12-02,2026-01-01,Net 30,87062.65,87062.65,167,120+,Open,PO-49110,E. Nguyen
C0017,Strickland Partners,INV-10441,2025-09-02,2025-10-17,Net 45,3577.17,3577.17,243,120+,Open,PO-42911,D. Park
C0016,Stark Ind Inc,INV-10442,2026-03-27,2026-05-26,Net 60,64202.74,64202.74,22,Current,Open,PO-33205,C. Diaz
C0047,Strickland LLC,INV-10443,2026-03-30,2026-05-29,Net 60,25959.08,25959.08,19,Current,Open,PO-64970,C. Diaz
C0024,Genco Inc,INV-10444,2026-02-15,2026-04-16,Net 60,34999.87,34999.87,62,61-90,Open,PO-79077,B. Cohen
C0074,Prestige Worldwide Group,INV-10445,2026-02-15,2026-04-01,Net 45,76486.28,76486.28,77,61-90,Open,PO-69923,B. Cohen
C0019,Strickland Corp,INV-10446,2026-04-23,2026-05-23,Net 30,47711.99,47711.99,25,Current,Open,PO-87765,E. Nguyen
C0093,Nakatomi Co,INV-10447,2026-03-13,2026-04-27,Net 45,54160.36,54160.36,51,31-60,Open,PO-41409,A. Reyes
C0028,Stark Ind Group,INV-10448,2026-05-10,2026-06-09,Net 30,32125.04,32125.04,8,Current,Open,PO-93446,E. Nguyen
C0120,Strickland Partners,INV-10449,2026-04-23,2026-05-23,Net 30,82466.33,82466.33,25,Current,Open,PO-46077,E. Nguyen
C0074,Prestige Worldwide Group,INV-10450,2026-04-13,2026-05-28,Net 45,64116.72,64116.72,20,Current,Open,PO-78580,A. Reyes
C0049,Nakatomi Partners,INV-10451,2026-01-02,2026-03-03,Net 60,61034.87,61034.87,106,91-120,Open,PO-75288,E. Nguyen
C0074,Prestige Worldwide Group,INV-10452,2026-04-21,2026-06-05,Net 45,22066.6,22066.6,12,Current,Open,PO-58188,C. Diaz
C0078,Spacely Co,INV-10453,2026-02-13,2026-04-14,Net 60,89213.75,89213.75,64,61-90,Open,PO-88280,D. Park
C0053,Stark Ind Inc,INV-10454,2026-02-09,2026-03-26,Net 45,63061.13,63061.13,83,61-90,Open,PO-30494,B. Cohen
C0022,Soylent Partners,INV-10455,2026-03-20,2026-05-19,Net 60,2991.48,2991.48,29,Current,Open,PO-30911,A. Reyes
C0034,Massive Dynamic Partners,INV-10456,2026-04-14,2026-05-29,Net 45,23878.97,23878.97,19,Current,Open,PO-36569,B. Cohen
C0068,Massive Dynamic LLC,INV-10457,2026-01-16,2026-03-02,Net 45,31231.52,31231.52,107,91-120,Open,PO-90855,C. Diaz
C0071,Genco LLC,INV-10458,2026-04-03,2026-05-18,Net 45,43643.35,43643.35,30,Current,Open,PO-93922,D. Park
C0068,Massive Dynamic LLC,INV-10459,2026-03-18,2026-05-02,Net 45,21963.64,6929.7,46,31-60,Partial,PO-74028,C. Diaz
C0020,Wonka LLC,INV-10460,2026-05-09,2026-06-08,Net 30,44839.21,33425.92,9,Current,Partial,PO-82530,C. Diaz
C0002,Wayne Logistics Partners,INV-10461,2026-04-24,2026-05-24,Net 30,1182.1,1182.1,24,Current,Open,PO-73967,E. Nguyen
C0056,Massive Dynamic Corp,INV-10462,2026-04-06,2026-06-05,Net 60,36254.84,36254.84,12,Current,Open,PO-75343,B. Cohen
C0067,Oscorp Inc,INV-10463,2026-02-22,2026-03-24,Net 30,27401.96,27401.96,85,61-90,Open,PO-55235,D. Park
C0025,Tyrell Corp,INV-10464,2026-04-17,2026-05-17,Net 30,58875.43,58875.43,31,31-60,Open,PO-84486,B. Cohen
C0042,Strickland LLC,INV-10465,2026-05-18,2026-06-17,Net 30,10164.84,10164.84,0,Current,Open,PO-77464,A. Reyes
C0030,Prestige Worldwide Co,INV-10466,2026-04-16,2026-06-15,Net 60,29944.0,29944.0,2,Current,Open,PO-68679,D. Park
C0090,Dunder Mifflin Group,INV-10467,2026-04-23,2026-05-23,Net 30,73799.2,31667.44,25,Current,Partial,PO-45191,C. Diaz
C0105,Rich Industries Partners,INV-10468,2026-05-06,2026-06-05,Net 30,92634.87,92634.87,12,Current,Open,PO-24392,B. Cohen
C0059,Aperture Inc,INV-10469,2025-07-01,2025-08-30,Net 60,45182.01,45182.01,291,120+,Open,PO-60908,C. Diaz
C0021,Virtucon Co,INV-10470,2026-02-28,2026-04-29,Net 60,24438.05,24438.05,49,31-60,Open,PO-46047,C. Diaz
C0114,Pied Piper LLC,INV-10471,2026-05-02,2026-06-16,Net 45,41528.28,27245.59,1,Current,Partial,PO-96637,A. Reyes
C0051,Stark Ind LLC,INV-10472,2026-03-08,2026-04-22,Net 45,45413.08,45413.08,56,31-60,Open,PO-68679,A. Reyes
C0032,Oscorp Group,INV-10473,2026-05-13,2026-06-12,Net 30,92132.09,92132.09,5,Current,Open,PO-27871,A. Reyes
C0046,Genco LLC,INV-10474,2026-04-28,2026-05-28,Net 30,22487.75,22487.75,20,Current,Open,PO-65523,D. Park
C0094,Rich Industries LLC,INV-10475,2026-02-14,2026-03-31,Net 45,24190.79,14384.77,78,61-90,Partial,PO-93272,C. Diaz
C0070,Hooli Group,INV-10476,2026-03-23,2026-05-07,Net 45,31087.84,31087.84,41,31-60,Open,PO-98470,E. Nguyen
C0021,Virtucon Co,INV-10477,2026-01-08,2026-03-09,Net 60,51681.76,51681.76,100,91-120,Open,PO-86316,D. Park
C0094,Rich Industries LLC,INV-10478,2026-03-08,2026-04-22,Net 45,23065.33,23065.33,56,31-60,Open,PO-90642,D. Park
C0025,Tyrell Corp,INV-10479,2026-05-02,2026-06-01,Net 30,27255.7,27255.7,16,Current,Open,PO-62208,A. Reyes
C0013,Cyberdyne Group,INV-10480,2026-04-02,2026-06-01,Net 60,3455.37,809.01,16,Current,Partial,PO-24170,E. Nguyen
C0083,Strickland Inc,INV-10481,2026-03-08,2026-04-07,Net 30,24686.19,24686.19,71,61-90,Open,PO-99423,A. Reyes
C0002,Wayne Logistics Partners,INV-10482,2026-04-02,2026-05-02,Net 30,60877.63,60877.63,46,31-60,Open,PO-74519,C. Diaz
C0102,Acme Freight Co,INV-10483,2026-04-21,2026-05-21,Net 30,69891.38,69891.38,27,Current,Open,PO-30215,B. Cohen
C0067,Oscorp Inc,INV-10484,2026-05-15,2026-06-14,Net 30,18749.79,18749.79,3,Current,Open,PO-94714,B. Cohen
C0072,Umbrella Partners,INV-10485,2026-02-23,2026-04-09,Net 45,54985.27,54985.27,69,61-90,Open,PO-75977,A. Reyes
C0022,Soylent Partners,INV-10486,2026-03-24,2026-05-23,Net 60,15447.68,15447.68,25,Current,Open,PO-78066,C. Diaz
C0116,Wernham Hogg Inc,INV-10487,2026-04-23,2026-06-07,Net 45,60341.26,60341.26,10,Current,Open,PO-62395,E. Nguyen
C0031,Soylent Inc,INV-10488,2025-08-30,2025-09-29,Net 30,24511.42,24511.42,261,120+,Open,PO-78654,D. Park
C0001,Soylent LLC,INV-10489,2026-03-22,2026-05-21,Net 60,94377.43,94377.43,27,Current,Open,PO-59365,B. Cohen
C0028,Stark Ind Group,INV-10490,2026-01-26,2026-02-25,Net 30,87356.09,87356.09,112,91-120,Open,PO-94798,E. Nguyen
C0020,Wonka LLC,INV-10491,2026-05-15,2026-06-14,Net 30,35189.33,35189.33,3,Current,Open,PO-50539,C. Diaz
C0104,Vandelay LLC,INV-10492,2025-07-26,2025-09-24,Net 60,69888.13,69888.13,266,120+,Open,PO-83246,B. Cohen
C0063,Gringotts Group,INV-10493,2026-03-01,2026-04-30,Net 60,28887.16,28887.16,48,31-60,Open,PO-95534,D. Park
C0011,Oscorp LLC,INV-10494,2026-04-09,2026-05-24,Net 45,77719.89,77719.89,24,Current,Open,PO-35799,B. Cohen
C0096,Oscorp Corp,INV-10495,2026-03-11,2026-04-25,Net 45,60242.3,28137.27,53,31-60,Partial,PO-61853,E. Nguyen
C0073,Monsters Inc LLC,INV-10496,2026-04-14,2026-06-13,Net 60,64158.53,64158.53,4,Current,Open,PO-78407,E. Nguyen
C0074,Prestige Worldwide Group,INV-10497,2026-03-01,2026-04-15,Net 45,14487.17,14487.17,63,61-90,Open,PO-82371,E. Nguyen
C0096,Oscorp Corp,INV-10498,2026-05-02,2026-06-16,Net 45,41559.41,41559.41,1,Current,Open,PO-37677,D. Park
C0072,Umbrella Partners,INV-10499,2026-04-27,2026-06-11,Net 45,58711.7,58711.7,6,Current,Open,PO-52275,B. Cohen
C0010,Stark Ind LLC,INV-10500,2025-06-26,2025-08-25,Net 60,8966.69,8966.69,296,120+,Open,PO-75514,C. Diaz
C0045,Wonka LLC,INV-10501,2026-04-12,2026-06-11,Net 60,29305.38,29305.38,6,Current,Open,PO-77961,E. Nguyen
C0019,Strickland Corp,INV-10502,2026-05-04,2026-06-03,Net 30,35826.06,35826.06,14,Current,Open,PO-31247,A. Reyes
C0095,Bishop Co Partners,INV-10503,2025-12-24,2026-02-22,Net 60,78002.66,45682.78,115,91-120,Partial,PO-34585,C. Diaz
C0058,Monsters Inc Corp,INV-10504,2026-05-03,2026-06-02,Net 30,52137.09,52137.09,15,Current,Open,PO-91932,D. Park
C0080,Pied Piper Partners,INV-10505,2026-04-10,2026-05-25,Net 45,55593.97,55593.97,23,Current,Open,PO-25699,C. Diaz
C0022,Soylent Partners,INV-10506,2026-03-14,2026-05-13,Net 60,5516.56,5516.56,35,31-60,Open,PO-21092,A. Reyes
C0050,Strickland Inc,INV-10507,2026-03-28,2026-05-27,Net 60,10695.74,10695.74,21,Current,Open,PO-70662,B. Cohen
C0049,Nakatomi Partners,INV-10508,2026-03-01,2026-04-30,Net 60,56926.56,13617.55,48,31-60,Partial,PO-80029,E. Nguyen
C0119,Wernham Hogg Co,INV-10509,2026-04-26,2026-05-26,Net 30,46798.65,46798.65,22,Current,Open,PO-22408,C. Diaz
C0088,Massive Dynamic Group,INV-10510,2025-11-03,2025-12-18,Net 45,92976.55,92976.55,181,120+,Open,PO-28127,C. Diaz
C0113,Bishop Co Co,INV-10511,2025-08-13,2025-09-27,Net 45,21817.56,21817.56,263,120+,Open,PO-71491,B. Cohen
C0012,Cyberdyne Corp,INV-10512,2026-01-16,2026-03-02,Net 45,65376.45,65376.45,107,91-120,Open,PO-95090,B. Cohen
C0055,Hooli Inc,INV-10513,2026-03-09,2026-04-23,Net 45,20038.56,20038.56,55,31-60,Disputed,PO-90956,B. Cohen
C0111,Globex Co,INV-10514,2025-08-21,2025-10-05,Net 45,41141.08,41141.08,255,120+,Open,PO-39025,E. Nguyen
C0118,Pied Piper Partners,INV-10515,2025-08-19,2025-10-03,Net 45,11687.6,11687.6,257,120+,Open,PO-39073,A. Reyes
C0098,Wayne Logistics Group,INV-10516,2026-04-08,2026-06-07,Net 60,88741.13,88741.13,10,Current,Open,PO-55887,B. Cohen
C0100,Wonka Corp,INV-10517,2026-03-04,2026-04-18,Net 45,58332.26,58332.26,60,31-60,Open,PO-94323,E. Nguyen
C0030,Prestige Worldwide Co,INV-10518,2026-03-30,2026-05-29,Net 60,65529.35,65529.35,19,Current,Open,PO-85840,E. Nguyen
C0061,Tyrell Co,INV-10519,2026-04-02,2026-05-02,Net 30,13494.95,13494.95,46,31-60,Open,PO-24224,D. Park
C0098,Wayne Logistics Group,INV-10520,2026-02-13,2026-04-14,Net 60,93889.0,93889.0,64,61-90,Open,PO-28668,B. Cohen
C0119,Wernham Hogg Co,INV-10521,2026-05-04,2026-06-03,Net 30,43738.0,43738.0,14,Current,Open,PO-73066,A. Reyes
C0078,Spacely Co,INV-10522,2026-03-26,2026-05-25,Net 60,89248.65,89248.65,23,Current,Open,PO-90275,E. Nguyen
C0083,Strickland Inc,INV-10523,2026-03-28,2026-04-27,Net 30,78652.45,62692.72,51,31-60,Partial,PO-87987,E. Nguyen
C0051,Stark Ind LLC,INV-10524,2026-02-19,2026-04-05,Net 45,91464.97,91464.97,73,61-90,Open,PO-77613,D. Park
C0114,Pied Piper LLC,INV-10525,2026-04-24,2026-06-08,Net 45,28322.66,28322.66,9,Current,Open,PO-87760,B. Cohen
C0060,Soylent LLC,INV-10526,2026-03-29,2026-05-28,Net 60,74090.09,74090.09,20,Current,Open,PO-91618,B. Cohen
C0051,Stark Ind LLC,INV-10527,2026-03-28,2026-05-12,Net 45,85230.35,85230.35,36,31-60,Open,PO-79596,A. Reyes
C0033,Oscorp LLC,INV-10528,2026-03-03,2026-04-02,Net 30,12174.93,5047.47,76,61-90,Partial,PO-67571,A. Reyes
C0068,Massive Dynamic LLC,INV-10529,2026-03-26,2026-05-10,Net 45,15610.52,15610.52,38,31-60,Open,PO-25754,B. Cohen
C0117,Massive Dynamic Group,INV-10530,2026-05-08,2026-06-07,Net 30,14165.4,14165.4,10,Current,Open,PO-26725,D. Park
C0040,Hooli LLC,INV-10531,2026-02-28,2026-04-29,Net 60,11608.85,11608.85,49,31-60,Disputed,PO-46588,A. Reyes
C0080,Pied Piper Partners,INV-10532,2026-01-23,2026-03-09,Net 45,51860.86,37230.5,100,91-120,Partial,PO-51179,B. Cohen
C0076,Gekko Holdings Group,INV-10533,2026-03-28,2026-05-27,Net 60,57209.65,57209.65,21,Current,Open,PO-91741,C. Diaz
C0080,Pied Piper Partners,INV-10534,2026-04-13,2026-05-28,Net 45,14510.21,14510.21,20,Current,Open,PO-24813,B. Cohen
C0110,Bishop Co Co,INV-10535,2026-04-17,2026-06-16,Net 60,87476.35,34279.34,1,Current,Partial,PO-43363,B. Cohen
C0087,Cyberdyne Partners,INV-10536,2026-03-19,2026-05-03,Net 45,74900.57,74900.57,45,31-60,Open,PO-79682,E. Nguyen
C0047,Strickland LLC,INV-10537,2026-04-17,2026-06-16,Net 60,36309.77,14492.2,1,Current,Partial,PO-92151,A. Reyes
C0038,Vandelay Inc,INV-10538,2026-04-03,2026-06-02,Net 60,39600.12,39600.12,15,Current,Open,PO-47400,E. Nguyen
C0008,Umbrella Partners,INV-10539,2025-08-20,2025-10-04,Net 45,46206.15,46206.15,256,120+,Open,PO-57642,D. Park
C0078,Spacely Co,INV-10540,2026-04-08,2026-06-07,Net 60,12757.89,12757.89,10,Current,Open,PO-88118,D. Park
C0064,Gekko Holdings Co,INV-10541,2026-02-23,2026-03-25,Net 30,93039.85,10866.19,84,61-90,Partial,PO-35456,B. Cohen
C0103,Oscorp Partners,INV-10542,2026-04-29,2026-05-29,Net 30,76671.11,76671.11,19,Current,Open,PO-46370,C. Diaz
C0033,Oscorp LLC,INV-10543,2026-04-20,2026-05-20,Net 30,72984.58,24325.62,28,Current,Partial,PO-71910,E. Nguyen
C0079,Acme Freight Corp,INV-10544,2026-01-16,2026-03-17,Net 60,87655.44,87655.44,92,91-120,Open,PO-82193,A. Reyes
C0083,Strickland Inc,INV-10545,2026-02-01,2026-03-03,Net 30,51243.43,51243.43,106,91-120,Open,PO-74257,A. Reyes
C0107,Prestige Worldwide LLC,INV-10546,2026-04-02,2026-06-01,Net 60,51141.18,51141.18,16,Current,Open,PO-63479,C. Diaz
C0009,Acme Freight Group,INV-10547,2025-10-08,2025-11-22,Net 45,59705.28,59705.28,207,120+,Open,PO-94839,E. Nguyen
C0050,Strickland Inc,INV-10548,2026-02-18,2026-04-19,Net 60,30220.19,11777.07,59,31-60,Partial,PO-85149,B. Cohen
C0048,Gringotts Partners,INV-10549,2026-04-04,2026-06-03,Net 60,11105.86,11105.86,14,Current,Open,PO-46489,A. Reyes
C0057,Aperture Group,INV-10550,2026-04-17,2026-06-01,Net 45,32640.95,32640.95,16,Current,Open,PO-88632,C. Diaz
C0100,Wonka Corp,INV-10551,2026-01-10,2026-02-24,Net 45,89143.25,89143.25,113,91-120,Open,PO-37395,B. Cohen
C0093,Nakatomi Co,INV-10552,2026-05-02,2026-06-16,Net 45,29887.73,20732.72,1,Current,Partial,PO-31413,C. Diaz
C0060,Soylent LLC,INV-10553,2026-02-05,2026-04-06,Net 60,2624.38,2624.38,72,61-90,Open,PO-47504,C. Diaz
C0026,Wernham Hogg LLC,INV-10554,2026-03-15,2026-04-14,Net 30,63921.22,63921.22,64,61-90,Open,PO-40643,C. Diaz
C0015,Wonka Inc,INV-10555,2026-05-18,2026-06-17,Net 30,33605.06,33605.06,0,Current,Open,PO-38554,C. Diaz
C0074,Prestige Worldwide Group,INV-10556,2026-01-28,2026-03-14,Net 45,51584.54,6205.36,95,91-120,Partial,PO-26613,A. Reyes
C0050,Strickland Inc,INV-10557,2026-02-08,2026-04-09,Net 60,84725.57,84725.57,69,61-90,Open,PO-78436,E. Nguyen
C0046,Genco LLC,INV-10558,2026-02-15,2026-03-17,Net 30,7922.56,7922.56,92,91-120,Open,PO-81039,E. Nguyen
C0017,Strickland Partners,INV-10559,2026-03-12,2026-04-26,Net 45,43552.7,43552.7,52,31-60,Open,PO-81000,D. Park
C0030,Prestige Worldwide Co,INV-10560,2026-04-11,2026-06-10,Net 60,34845.96,34845.96,7,Current,Open,PO-63296,C. Diaz
C0059,Aperture Inc,INV-10561,2026-04-03,2026-06-02,Net 60,44087.34,44087.34,15,Current,Open,PO-65693,E. Nguyen
C0074,Prestige Worldwide Group,INV-10562,2026-04-29,2026-06-13,Net 45,61873.16,61873.16,4,Current,Open,PO-89828,D. Park
C0052,Bishop Co Inc,INV-10563,2026-03-10,2026-05-09,Net 60,92532.77,92532.77,39,31-60,Open,PO-64658,B. Cohen
C0105,Rich Industries Partners,INV-10564,2026-04-04,2026-05-04,Net 30,32837.98,32837.98,44,31-60,Open,PO-42686,A. Reyes
C0095,Bishop Co Partners,INV-10565,2026-03-05,2026-05-04,Net 60,44244.85,44244.85,44,31-60,Open,PO-78355,B. Cohen
C0040,Hooli LLC,INV-10566,2026-01-19,2026-03-20,Net 60,73391.95,73391.95,89,61-90,Open,PO-84788,A. Reyes
C0012,Cyberdyne Corp,INV-10567,2025-08-07,2025-09-21,Net 45,60614.55,12287.04,269,120+,Partial,PO-39558,D. Park
C0069,Initech LLC,INV-10568,2026-04-24,2026-06-08,Net 45,64903.34,64903.34,9,Current,Open,PO-94747,C. Diaz
C0118,Pied Piper Partners,INV-10569,2026-03-16,2026-04-30,Net 45,58285.88,58285.88,48,31-60,Open,PO-36718,C. Diaz
C0008,Umbrella Partners,INV-10570,2026-02-19,2026-04-05,Net 45,78061.19,78061.19,73,61-90,Open,PO-56989,A. Reyes
C0031,Soylent Inc,INV-10571,2026-05-05,2026-06-04,Net 30,36673.62,36673.62,13,Current,Open,PO-91449,B. Cohen
C0085,Pied Piper LLC,INV-10572,2026-04-28,2026-06-12,Net 45,87863.55,87863.55,5,Current,Open,PO-40220,C. Diaz
C0112,Cogswell Partners,INV-10573,2026-04-18,2026-05-18,Net 30,14107.61,14107.61,30,Current,Open,PO-77243,B. Cohen
C0011,Oscorp LLC,INV-10574,2026-01-24,2026-03-10,Net 45,66214.4,66214.4,99,91-120,Open,PO-43566,D. Park
C0066,Rich Industries Inc,INV-10575,2026-05-05,2026-06-04,Net 30,18057.25,18057.25,13,Current,Open,PO-95751,D. Park
C0109,Prestige Worldwide Partners,INV-10576,2026-03-26,2026-05-25,Net 60,52112.71,52112.71,23,Current,Open,PO-24963,E. Nguyen
C0062,Umbrella Corp,INV-10577,2025-09-16,2025-10-16,Net 30,8065.96,8065.96,244,120+,Open,PO-88997,C. Diaz
C0060,Soylent LLC,INV-10578,2026-04-02,2026-06-01,Net 60,45146.67,45146.67,16,Current,Open,PO-30234,E. Nguyen
C0103,Oscorp Partners,INV-10579,2026-04-13,2026-05-13,Net 30,1519.03,1519.03,35,31-60,Open,PO-81503,E. Nguyen
C0094,Rich Industries LLC,INV-10580,2026-04-23,2026-06-07,Net 45,3838.33,3838.33,10,Current,Open,PO-59855,E. Nguyen
C0034,Massive Dynamic Partners,INV-10581,2026-03-18,2026-05-02,Net 45,62522.23,62522.23,46,31-60,Open,PO-23578,C. Diaz
C0063,Gringotts Group,INV-10582,2026-04-16,2026-06-15,Net 60,58692.89,58692.89,2,Current,Open,PO-53679,A. Reyes
C0095,Bishop Co Partners,INV-10583,2026-02-16,2026-04-17,Net 60,62790.21,62790.21,61,61-90,Open,PO-42989,C. Diaz
C0101,Dunder Mifflin Corp,INV-10584,2026-02-01,2026-03-18,Net 45,32899.14,6630.79,91,91-120,Partial,PO-40204,D. Park
C0097,Sterling Cooper Partners,INV-10585,2026-04-05,2026-06-04,Net 60,60750.81,60750.81,13,Current,Open,PO-65229,A. Reyes
C0083,Strickland Inc,INV-10586,2026-05-10,2026-06-09,Net 30,38181.38,38181.38,8,Current,Open,PO-89798,B. Cohen
C0049,Nakatomi Partners,INV-10587,2026-03-28,2026-05-27,Net 60,82741.25,61977.81,21,Current,Partial,PO-78827,D. Park
C0087,Cyberdyne Partners,INV-10588,2025-12-09,2026-01-23,Net 45,60736.58,60736.58,145,120+,Open,PO-76595,E. Nguyen
C0118,Pied Piper Partners,INV-10589,2026-04-13,2026-05-28,Net 45,9787.16,9787.16,20,Current,Open,PO-71269,D. Park
C0099,Acme Freight Partners,INV-10590,2026-03-15,2026-04-29,Net 45,18920.48,18920.48,49,31-60,Open,PO-43582,C. Diaz
C0071,Genco LLC,INV-10591,2026-05-03,2026-06-17,Net 45,9732.53,4011.36,0,Current,Partial,PO-48759,C. Diaz
C0033,Oscorp LLC,INV-10592,2026-05-12,2026-06-11,Net 30,56646.1,56646.1,6,Current,Open,PO-48419,E. Nguyen
C0082,Gringotts Partners,INV-10593,2026-04-15,2026-06-14,Net 60,62529.29,62529.29,3,Current,Open,PO-94195,B. Cohen
C0115,Virtucon Corp,INV-10594,2026-03-31,2026-04-30,Net 30,88969.2,88969.2,48,31-60,Open,PO-56226,D. Park
C0089,Stark Ind Partners,INV-10595,2026-04-12,2026-05-27,Net 45,7492.72,7492.72,21,Current,Open,PO-70174,D. Park
C0043,Aperture Co,INV-10596,2026-05-02,2026-06-16,Net 45,46967.71,46967.71,1,Current,Open,PO-99993,D. Park
C0023,Bluth Co Co,INV-10597,2026-03-20,2026-04-19,Net 30,21137.52,21137.52,59,31-60,Open,PO-77878,C. Diaz
C0014,Virtucon Corp,INV-10598,2026-02-19,2026-04-20,Net 60,2273.27,2273.27,58,31-60,Open,PO-20113,A. Reyes
C0086,Spacely Group,INV-10599,2025-09-25,2025-11-24,Net 60,54803.5,54803.5,205,120+,Open,PO-84314,D. Park
C0056,Massive Dynamic Corp,INV-10600,2026-02-24,2026-04-25,Net 60,812.55,812.55,53,31-60,Open,PO-83185,A. Reyes
